name,lat,long
Abu,34.5,131.6
Acamarachi,-23.3,-67.62
Acatenango,14.501,-90.876
Acigol-Nevsehir,38.57,34.52
Adams,46.206,-121.49
Adatara,37.62,140.28
Adwa,10.07,40.84
Afdera,13.08,40.85
Agmagan-Karadag,40.275,44.75
Agrigan,18.77,145.67
Agua,14.465,-90.743
Agua de Pau,37.77,-25.47
Aguilera,-50.17,-73.83
Agung,-8.342,115.508
Ahyi,20.42,145.03
Akademia Nauk,53.983,159.45
Akademia Nauk,53.98,159.45
Akagi,36.53,139.18
Akan,43.38,144.02
Akhtang,55.43,158.65
Akita-Komaga-take,39.75,140.8
Akita-Yake-yama,39.97,140.77
Akuseki-jima,29.461,129.597
Akuseki-jima,29.45,129.6
Akutan,54.13,-165.97
Alaid,50.858,155.55
Alamagan,17.6,145.83
Alayta,12.88,40.57
"Albano, Monte",41.73,12.7
"Alcedo, Volcan",-0.43,-91.12
Ale Bagu,13.52,40.63
Alid,14.88,39.92
Alligator Lake,60.42,-135.42
Almolonga,14.82,-91.48
Alney-Chashakondzha,56.7,159.65
Alngey,57.7,160.4
Alu,13.82,40.55
Alutu,7.77,38.78
Amak,55.42,-163.15
Amasing,-0.55,127.5
Ambalatungan Group,17.32,121.1
Ambang,0.75,124.42
Ambitle,-4.08,153.65
Amboy,34.55,-115.78
Ambre-Bobaomby,-12.48,49.1
Ambrym,-16.25,168.12
Amorong,15.828,120.805
Amsterdam Island,-37.83,77.52
Amukta,52.5,-171.25
Anatahan,16.35,145.67
Anaun,56.32,158.83
Andahua Valley,-15.42,-72.33
Andrus,-75.8,-132.33
Aneityum,-20.2,169.83
Aniakchak,56.88,-158.17
Ankaizina Field,-14.3,48.67
Ankaratra Field,-19.4,47.2
Antillanca Group,-40.771,-72.153
Antipodes Island,-49.683,178.767
Antisana,-0.481,-78.141
Antofagasta de la Sierra,-26.08,-67.5
Antofagasta de la Sierra,-26.083,-67.5
Antofalla,-25.53,-68
Antuco,-37.406,-71.349
Aoba,-15.4,167.83
Aoga-shima,32.45,139.77
Apaneca Range,13.891,-89.786
Apastepeque Field,13.72,-88.77
Apo,6.987,125.273
Apoyeque,12.242,-86.342
Aracar,-24.27,-67.77
Aracar,-24.25,-67.767
Aragats,40.55,44.12
"Aramuaca, Laguna",13.428,-88.105
Ararat,39.7,44.28
Arayat,15.2,120.742
Ardoukoba,11.58,42.47
Arenal,10.463,-84.703
Arenales,-47.2,-73.483
"Arhab, Harra of",15.63,44.08
Arjuno-Welirang,-7.725,112.58
Arshan,47.5,120.7
Asama,36.4,138.53
Asavyo,13.07,41.6
Ascension,-7.95,-14.37
Askja,65.03,-16.75
Aso,32.88,131.1
Assab Volc Field,12.95,42.43
Asuncion,19.67,145.4
Atacazo,-0.353,-78.617
Atakor Volc Field,23.333,5.833
Atitlan,14.583,-91.186
Atka,52.38,-174.15
Atlasova,57.97,160.65
"Atlixcos, Cerro Los",19.809,-96.526
Atsonupuri,44.804,147.13
"Atuel, Caldera del",-34.65,-70.05
Auckland Field,-36.9,174.87
Augustine,59.37,-153.42
Avachinsky,53.255,158.83
Awu,3.67,125.5
Axial Seamount,45.95,-130
Ayelu,10.082,40.702
"Azufral, Volcan",1.08,-77.68
"Azul, Cerro",-0.9,-91.42
"Azul, Cerro [Quizapu]",-35.653,-70.761
"Azul, Volcan",12.53,-83.87
Azuma,37.73,140.25
Babuyan Claro,19.523,121.94
Bachelor,43.979,-121.688
Bagana,-6.14,155.195
Bakenin,53.905,158.07
Baker,48.786,-121.82
"Bal Haf, Harra of",14.05,48.33
Balatocan,8.8,124.92
Balbi,-5.83,154.98
Bald Knoll,37.328,-112.408
Baluan,-2.57,147.28
Baluran,-7.85,114.37
Balut,5.4,125.375
Bam,-3.6,144.85
Bamus,-5.2,151.23
Banahao,14.07,121.48
Banda Api,-4.525,129.871
Bandai,37.6,140.08
Banua Wuhu,3.138,125.491
Baransky,45.1,148.02
Barcena,19.3,-110.82
Bardarbunga,64.63,-17.53
Barkhatnaya Sopka,52.823,158.27
Barren Island,12.292,93.875
"Barrier, The",2.32,36.57
Baru,8.8,-82.558
Barva,10.135,-84.1
Bas Dong Nai,10.8,107.2
Batur,-8.242,115.375
"Bayo, Cerro",-25.42,-68.58
Bayonnaise Rocks,31.92,139.92
Bayuda Volc Field,18.33,32.75
Bazman,28.07,60
Behm Canal-Rudyerd Bay,55.32,-131.05
Belenkaya,51.75,157.27
Belirang-Beriti,-2.82,102.18
Belknap,44.285,-121.841
Bely,57.88,160.53
Berlin,-76.05,-136
Beru,8.95,39.75
Berutarube,44.47,146.93
Besar,-4.43,103.67
Bezymianny,55.978,160.587
Bibinoi,-0.78,127.72
Big Cave,40.955,-121.365
Bilate River Field,7.07,38.1
Biliran,11.523,124.534
Billy Mitchell,-6.092,155.225
Bir Borhut,15.55,50.63
"Birk, Harrat al",18.367,41.633
Bishoftu Volc Field,8.78,38.98
Biu Plateau,10.75,12
Black Peak,56.53,-158.8
Black Rock Desert,38.97,-112.5
"Blanca, Loma",-36.286,-71.009
Bliznets,56.97,159.78
Bliznetsy,57.35,161.367
Blue Lake Crater,44.42,-121.77
Blup Blup,-3.508,144.62
Bobrof,51.9,-177.43
Bogatyr Ridge,44.83,147.37
Bogoslof,53.93,-168.03
Boisa,-3.994,144.963
Bola,-5.15,150.03
Bolshe-Bannaya,52.9,157.78
Bolshoi Payalpan,55.88,157.78
Bolshoi Semiachik,54.32,160.02
Bolshoi-Kekuknaysky,56.47,157.8
Bombalai,4.4,117.88
Bona-Churchill,61.38,-141.75
Boomerang Seamount,-37.721,77.825
Bora-Bericcio Complex,8.27,39.03
Borale Ale,13.725,40.6
Borawli,13.3,40.98
Borawli Complex,11.63,41.45
Boset-Bericha,8.558,39.475
Bouvet,-54.42,3.35
Bratan,-8.28,115.13
Brava,14.85,-24.72
"Bravo, Cerro",5.092,-75.3
"Bravo, Cerro",5.092,-75.3
Brennisteinsfjoll,63.92,-21.83
Bridge River Cones,50.8,-123.4
Bridgeman Island,-62.05,-56.75
Brimstone Island,-30.23,-178.92
Bristol Island,-59.03,-26.58
Brothers,-34.875,179.075
Brushy Butte,41.178,-121.443
Buckle Island,-66.8,163.25
Bud Dajo,5.95,121.07
Bufumbira,-1.23,29.72
Buldir,52.37,175.98
Bulusan,12.77,124.05
Bunyaruguru Field,-0.2,30.08
"Burney, Monte",-52.33,-73.4
Bus-Obo,47.12,109.08
Butajiri-Silti Field,8.05,38.35
Buzzard Creek,64.07,-148.42
Cabalian,10.287,125.22
Caburga,-39.2,-71.83
Cagua,18.222,122.123
Calabozos,-35.558,-70.496
Calatrava Volc Field,38.867,-4.017
Calayo,7.877,125.068
Calbuco,-41.326,-72.614
Callaqui,-37.92,-71.45
"Cameroon, Mt.",4.203,9.17
Camiguin,9.203,124.673
Camiguin de Babuyanes,18.83,121.86
Campi Flegrei,40.827,14.139
Campi Flegrei Mar Sicilia,37.1,12.7
Candlemas Island,-57.08,-26.67
Carlisle,52.9,-170.05
Carran-Los Venados,-40.35,-72.07
Carrizozo,33.78,-105.93
"Casiri, Nevados",-17.47,-69.82
Cayambe,0.029,-77.986
Cayambe,0.029,-77.986
Cayute-La Vigueria,-41.25,-72.27
Cayutué-La Viguería,-41.25,-72.267
Ceboruco,21.125,-104.508
"Cendres, Ile des",10.158,109.014
Central Island,3.5,36.042
Cereme,-6.892,108.4
Ch'uga-ryong,38.33,127.33
Chacana,-0.375,-78.25
"Chachani, Nevado",-16.191,-71.53
"Chachani, Nevado",-16.191,-71.53
Chagulak,52.57,-171.13
Chaine des Puys,45.775,2.967
Chaiten,-42.833,-72.646
Changbaishan,41.98,128.08
"Chapulul, Cerro",-38.37,-71.08
Cherny,56.82,159.67
Cherpuk Group,55.55,157.467
Chichinautzin,19.08,-99.13
"Chichon, El",17.36,-93.228
Chiginagak,57.13,-157
Chikurachki,50.325,155.458
Chiliques,-23.583,-67.7
Chiliques,-23.58,-67.7
"Chillan, Nevados de",-36.863,-71.377
Chimborazo,-1.464,-78.815
Chinameca,13.475,-88.32
Chingo Volc Field,14.12,-89.73
Chiquimula Volc Field,14.83,-89.55
Chiracha,6.65,38.12
Chirinkotan,48.98,153.48
Chirip,45.38,147.92
Chirpoi,46.525,150.875
Chokai,39.08,140.03
Chyulu Hills,-2.68,37.88
"Ciguatepe, Cerro El",12.53,-86.142
Cinnamon Butte,43.241,-122.108
"Cinotepec, Cerro",14.02,-89.25
Clark,-36.446,177.839
Clear Lake,38.97,-122.77
Cleft Segment,44.83,-130.3
Cleveland,52.82,-169.95
Coatepeque Caldera,13.87,-89.55
"Cochons, Ile Aux",-46.1,50.23
Cofre de Perote,19.492,-97.15
Colachi,-23.23,-67.65
Coleman Seamount,-8.83,157.17
Colima,19.514,-103.62
"Colluma, Cerro",-18.5,-68.07
Colo [Una Una],-0.17,121.608
Comondu-La Purisima,26,-111.92
Concepcion,11.538,-85.622
Conchagua,13.277,-87.853
Conchaguita,13.22,-87.765
"Cook, Isla",-54.95,-70.27
Copahue,-37.85,-71.17
Copiapo,-27.3,-69.13
Corbetti Caldera,7.18,38.43
Corcovado,-43.18,-72.8
Cordon Chalviri,-23.85,-67.62
Cordon de Puntas Negras,-23.75,-67.53
Cordon del Azufre,-25.33,-68.52
Coronado,29.08,-113.513
Coropuna,-15.52,-72.65
Corvo,39.67,-31.07
Cosiguina,12.98,-87.57
Coso Volc Field,36.03,-117.82
Cotopaxi,-0.677,-78.436
Crater Basalt Volc Field,-42.017,-70.183
Crater Lake,42.93,-122.12
Crater Mountain,-6.58,145.08
Craters of the Moon,43.42,-113.5
Crow Lagoon,54.7,-130.23
Cu-Lao Re Group,15.38,109.12
Cuicocha,0.308,-78.364
Cuilapa-Barbarena,14.33,-90.4
Cuilapa-Barbarena,14.333,-90.4
Cumbal,0.98,-77.88
"Cumbres, Las",19.15,-97.27
Curacoa,-15.62,-173.67
Curacoa,-15.617,-173.667
Curtis Island,-30.542,-178.561
"Cóndor, Cerro el",-26.617,-68.35
Dabbahu,12.6,40.48
Dabbayra,12.38,40.07
Dacht-I-Navar Group,33.95,67.92
Daikoku,21.324,144.194
Daisetsu,43.68,142.88
Dakataua,-5.056,150.108
Dalaffilla,13.792,40.55
Dallol,14.242,40.3
Dama Ali,11.28,41.63
Damavand,35.951,52.109
Dana,55.62,-161.22
Danau Complex,-6.2,105.97
Dar-Alages,39.7,45.542
Dariganga Volc Field,45.33,114
"Darwin, Volcan",-0.18,-91.28
"Daun, Bukit",-3.38,102.37
Davidof,51.97,178.33
Davis Lake,43.57,-121.82
Dawson Strait Group,-9.62,150.88
Deception Island,-62.97,-60.65
Demon,45.5,148.85
Dempo,-4.03,103.13
Denison,58.42,-154.45
Descabezado Grande,-35.58,-70.75
Devils Garden,43.512,-120.861
Dgida Basin,50.52,103.25
"Dhamar, Harras of",14.57,44.67
"Diable, Morne Au",15.62,-61.45
"Diablotins, Morne",15.5,-61.42
Diamond Craters,43.1,-118.75
Didicas,19.077,122.202
Dieng Volc Complex,-7.2,109.92
Diky Greben,51.43,157
Dofen,9.35,40.13
Doma Peaks,-5.9,143.15
Domuyo,-36.63,-70.42
Don Joao de Castro Bank,38.23,-26.63
Dona Juana,1.47,-76.92
Dotsero,39.65,-107.03
Douglas,58.87,-153.55
Doyo Seamount,27.683,140.8
Dubbi,13.58,41.808
Dukono,1.68,127.88
Duncan Canal,56.5,-133.1
Durango Volc Field,24.15,-104.45
Dutton,55.18,-162.27
Dzenzursky,53.637,158.922
E-san,41.8,141.17
Eagle Lake Field,40.63,-120.83
Easter Island,-27.15,-109.383
Eastern Gemini Seamount,-20.98,170.28
Ebeko,50.68,156.02
Ebulobo,-8.808,121.18
"Eburru, Ol Doinyo",-0.63,36.23
"Ecuador, Volcan",-0.02,-91.546
Edgecumbe,57.05,-135.75
Edziza,57.72,-130.63
Eggella,56.57,158.52
Egmont,-39.3,174.07
Egon,-8.67,122.45
Ekarma,48.958,153.93
Elbrus,43.33,42.45
Elmenteita Badlands,-0.52,36.27
Elovsky,57.53,160.53
Emmons Lake,55.33,-162.07
Emperor of China,-6.62,124.22
Emuruangogolak,1.5,36.33
Endeavour Ridge,47.95,-129.1
Epi,-16.68,168.37
Erciyes Dagi,38.52,35.48
Erebus,-77.53,167.17
Erta Ale,13.6,40.67
Es Safa,33.08,37.15
Escanaba Segment,40.983,-127.5
"Escorial, Cerro",-25.08,-68.37
Esjufjoll,64.27,-16.65
Esmeralda Bank,15,145.25
Espenberg,66.35,-164.33
"Est, Ile de l'",-46.43,52.2
Esteli,13.17,-86.4
Etna,37.734,15.004
Eyjafjallajokull,63.63,-19.62
Falcon Island,-20.32,-175.42
Farallon de Pajaros,20.53,144.9
Fayal,38.6,-28.73
Fedotych,57.13,160.4
Fentale,8.975,39.93
Fernandina,-0.37,-91.55
"Firura, Nevados",-15.23,-72.63
Fisher,54.67,-164.35
Flores,39.4,-31.17
Flores,14.3,-90
Fogo,14.95,-24.35
Fonualei,-18.02,-174.325
Forecast Seamount,13.4,143.917
Fort Portal Field,0.7,30.25
Fort Selkirk,62.93,-137.38
Four Craters Lava Field,43.361,-120.669
"Fournaise, Piton de la",-21.229,55.713
Fourpeaked,58.77,-153.68
Fremrinamur,65.43,-16.65
Frosty,55.07,-162.82
Fuego,14.473,-90.88
Fuerteventura,28.358,-14.02
Fuji,35.35,138.73
Fukue-jima,32.653,128.851
Fukujin,21.925,143.442
Fukutoku-okanoba,24.28,141.52
Furnas,37.77,-25.32
Fuss Peak,50.27,155.25
Gabillema,11.08,41.27
Gada Ale,13.975,40.408
Galapagos Rift,0.792,-86.15
Galapagos Rift,0.792,-86.15
Galeras,1.22,-77.37
Gallego,-9.35,159.73
Galunggung,-7.25,108.05
Gamalama,0.8,127.325
Gamchen,54.973,160.702
Gamkonora,1.375,127.52
Garbuna Group,-5.45,150.03
Gareloi,51.78,-178.8
Garibaldi Lake,49.92,-123.03
"Garibaldi, Mt.",49.85,-123
Garove,-4.692,149.5
Garua Harbour,-5.269,150.088
Gaua,-14.27,167.5
Gedamsa Caldera,8.35,39.18
Gede,-6.78,106.98
Genovesa,0.32,-89.958
Geodesistoy,56.33,158.67
Giggenbach,-30.036,-178.713
Girekol,39.17,43.33
Glacier Peak,48.112,-121.113
"Gloria, La",19.33,-97.25
Golden Trout Creek,36.358,-118.32
Golets-Tornyi Group,45.25,148.35
Gollu Dag,38.25,34.57
Golovnin,43.85,145.53
Goodenough,-9.48,150.35
Gordon,62.13,-143.08
Gorely,52.558,158.03
Goriaschaia Sopka,46.83,151.75
Gorny Institute,57.33,160.2
Graciosa,39.02,-27.97
Gran Canaria,28,-15.58
Great Sitkin,52.08,-176.13
Griggs,58.35,-155.1
"Grille, La",-11.47,43.33
Grimsnes,64.03,-20.87
Grimsvotn,64.42,-17.33
Groppo,11.73,40.25
Grozny Group,45.02,147.87
Guadalupe,29.07,-118.28
Guagua Pichincha,-0.171,-78.598
Guallatiri,-18.42,-69.17
Guayaques,-22.88,-67.58
Guazapa,13.9,-89.12
Gufa,12.55,42.53
Guguan,17.32,145.85
Guntur,-7.13,107.83
Gunungapi Wetar,-6.642,126.65
Hachijo-jima,33.13,139.77
Hachimantai,39.95,140.85
Hainan Dao,19.7,110.1
Hakkoda Group,40.65,140.88
Hakone,35.22,139.02
Haku-san,36.15,136.78
Haleakala,20.708,-156.25
Halla,33.37,126.53
Hanish,13.72,42.73
Hargy,-5.33,151.1
"Harrah, Al",31.083,38.417
Haruj,27.25,17.5
Haruna,36.47,138.88
Hasan Dagi,38.13,34.17
Haut Dong Nai,11.6,108.2
Hayes,61.62,-152.48
"Haylan, Jabal",15.43,44.78
Hayli Gubbi,13.5,40.72
Healy,-35.004,178.973
Heard,-53.106,73.513
Heart Peaks,58.6,-131.97
Hekla,63.98,-19.7
Hell's Half Acre,43.5,-112.45
Hengill,64.18,-21.33
Herbert,52.75,-170.12
Hertali,9.78,40.33
Hierro,27.73,-18.03
Hijiori,38.6,140.18
Hiri,0.88,127.32
Hiuchi,36.95,139.28
Hobicha Caldera,6.78,37.83
Hodson,-56.7,-27.15
Hofsjokull,64.78,-18.92
Homa Mountain,-0.38,34.5
Home Reef,-18.992,-174.775
Honggeertu,41.47,113
Hood,45.374,-121.694
Hoodoo Mountain,56.78,-131.28
Hornopiren,-41.874,-72.431
Hromundartindur,64.073,-21.202
Hualalai,19.692,-155.87
Huanquihue Group,-39.87,-71.55
Huaynaputina,-16.608,-70.85
Hudson Mountains,-74.33,-99.42
"Hudson, Cerro",-45.9,-72.97
Huequi,-42.377,-72.578
Huila,2.92,-76.05
Hulubelu,-5.35,104.6
"Humeros, Los",19.68,-97.45
Hunga Tonga-Hunga Ha'apai,-20.57,-175.38
Hunter Island,-22.4,172.05
Hutapanjang,-2.33,101.6
Hutapanjang,-2.333,101.6
Hydrographers Range,-9,148.37
Iamalele,-9.52,150.53
Ibu,1.475,127.642
Ibusuki Volc Field,31.22,130.57
Ichinsky,55.68,157.73
Iettunup,58.4,161.08
Igwisi Hills,-4.87,31.92
Ijen,-8.058,114.242
Iktunup,58.08,160.77
Iliamna,60.03,-153.08
Iliboleng,-8.342,123.258
Ililabalekan,-8.53,123.42
Ilimuda,-8.478,122.671
Iliwerung,-8.54,123.59
Illiniza,-0.659,-78.714
Ilopango,13.672,-89.053
Ilyinsky,51.49,157.2
Imun,2.15,98.93
Imuruk Lake,65.6,-163.92
In Ezzane Volc Field,23,10.833
Indian Heaven,45.93,-121.82
Ingakslugwat Hills,61.43,-164.47
Inielika,-8.73,120.98
Inierie,-8.875,120.95
Inyo Craters,37.692,-119.02
Ipala Volc Field,14.55,-89.63
Iraya,20.469,122.01
Irazu,9.979,-83.852
Iriga,13.457,123.457
Iriomote-jima,24.558,124
Irruputuncu,-20.73,-68.55
Isanotski,54.75,-163.73
Isarog,13.658,123.37
Ischia,40.73,13.897
Iskut-Unuk River Cones,56.58,-130.55
Isluga,-19.15,-68.83
Itasy Volc Field,-19,46.77
"Ithnayn, Harrat",26.58,40.2
Ivao Group,45.77,149.68
Iwaki,40.65,140.3
Iwate,39.85,141
Iwo-Tori-shima,27.85,128.25
Iwo-jima,24.75,141.33
Ixtepeque,14.42,-89.68
Iya,-8.88,121.63
Iyang-Argapura,-7.97,113.57
Izalco,13.813,-89.633
Iztaccihuatl,19.179,-98.642
Izu-Tobu,34.92,139.12
Izumbwe-Mpoli,-8.93,33.4
Jailolo,1.08,127.42
Jalajala,14.35,121.33
Jalua,15.042,39.82
Jan Mayen,71.08,-8.17
Jaraguay Volc Field,29.33,-114.5
"Jayu Khota, Laguna",-19.45,-67.417
Jefferson,44.692,-121.8
Jingpohu,44.08,128.83
Jocotitlan,19.733,-99.758
Jocotitlan,19.724,-99.757
Jordan Craters,43.03,-117.42
"Joya, La",11.92,-85.98
Kaba,-3.52,102.62
Kabargin Oth Group,42.55,44
Kadovar,-3.62,144.62
Kagamil,52.97,-169.72
Kaguyak,58.62,-154.05
Kaikata Seamount,26.667,141
Kaikohe-Bay of Islands,-35.3,173.9
Kaileney,57.8,160.67
Kaitoku Seamount,26.122,141.102
Kalatungan,7.95,124.8
Kambalny,51.3,156.87
Kamen,56.02,160.593
Kana Keoki,-8.75,157.03
Kanaga,51.92,-177.17
Kanlaon,10.412,123.132
Kao,-19.667,-175.033
Karacalidag,37.67,39.83
"Karaha, Kawah",-7.12,108.08
Karang,-6.27,106.042
Karangetang [Api Siau],2.78,125.48
Karapinar Field,37.67,33.65
Karisimbi,-1.5,29.45
Karkar,-4.649,145.964
Karpinsky Group,50.13,155.37
Kars Plateau,40.75,42.9
Karthala,-11.75,43.38
Karymsky,54.05,159.43
Kasatochi,52.18,-175.5
Kasbek,42.7,44.5
Kasuga,21.77,143.72
Katla,63.63,-19.05
Katmai,58.27,-154.98
Katunga,-0.47,30.18
Katwe-Kikorongo Field,-0.08,29.92
Kavachi,-9.02,157.95
Kawi-Butak,-7.92,112.45
Kebeney,57.1,159.93
Kekurny,56.4,158.85
Kelimutu,-8.758,121.83
Kell,51.65,157.35
Keluo Group,49.37,125.92
Kelut,-7.93,112.308
Kendang,-7.23,107.72
Kerguelen Islands,-49.58,69.5
Kerinci,-1.814,101.264
Ketoi,47.35,152.475
Khangar,54.75,157.38
Khanuy Gol,48.67,102.75
Kharimkotan,49.12,154.508
"Khaybar, Harrat",25,39.92
Khodutka,52.063,157.703
Kialagvik,57.38,-156.75
Kiaraberes-Gagak,-6.73,106.65
Kick-'em-Jenny,12.3,-61.63
Kieyo,-9.23,33.78
Kikai,30.78,130.28
Kikhpinych,54.487,160.253
Kilauea,19.425,-155.292
Kilimanjaro,-3.07,37.35
Kinenin,57.35,160.967
Kirishima,31.93,130.87
"Kishb, Harrat",22.8,41.38
Kiska,52.1,177.6
Kita-Fukutokutai,24.414,141.419
Kita-Iwo-jima,25.43,141.23
Kizimen,55.13,160.32
Klabat,1.47,125.03
Kliuchevskoi,56.057,160.638
Kolbeinsey Ridge,66.67,-18.5
Kolkhozhny,55.07,160.77
Kolokol Group,46.042,150.05
Komaga-take,42.07,140.68
Komarov,55.032,160.72
Kone,8.8,39.692
Koniuji,52.22,-175.13
Kookooligit Mountains,63.6,-170.43
Koranga,-7.33,146.708
Korath Range,5.1,35.88
Koro,-17.32,179.4
Korosi,0.77,36.12
Koryaksky,53.32,158.688
Koshelev,51.357,156.75
"Koussi, Emi",19.8,18.53
Kozu-shima,34.22,139.15
Kozyrevsky,55.58,158.38
Krafla,65.73,-16.78
Krainy,56.37,159.03
Krakagiger,63.98,-19.7
Krakatau,-6.102,105.423
Krasheninnikov,54.593,160.273
Kristnitokugigar,63.98,-21.42
Krisuvik,63.93,-22.1
Kronotsky,54.753,160.527
Ksudach,51.8,157.53
Kuchino-shima,29.97,129.93
Kuchino-shima,29.964,129.928
Kuchinoerabu-jima,30.43,130.22
Kuei-Shan-Tao,24.85,121.92
Kuju Group,33.08,131.25
Kukak,58.47,-154.35
Kula,38.58,28.52
Kulkev,56.37,158.37
Kunlun Volc Group,35.52,80.2
Kupreanof,56.02,-159.8
Kurikoma,38.95,140.78
Kurile Lake,51.45,157.12
Kurose Hole,33.4,139.68
Kurose Hole,33.4,139.683
Kurub,11.88,41.208
Kusatsu-Shirane,36.62,138.55
Kutcharo,43.55,144.43
Kuttara,42.5,141.18
Kutum Volc Field,14.5,25.8
Kuwae,-16.829,168.536
Kverkfjoll,64.65,-16.72
Kyatwa Volc Field,0.45,30.25
La Palma,28.58,-17.83
"Lajas, Las",12.3,-85.73
Lakagigar,64.42,17.33
Lambafit,64.08,-19.4
Lamington,-8.95,148.15
Lamongan,-8,113.342
Langila,-5.525,148.42
Langjokull,64.75,-19.98
Lanin,-39.633,-71.5
Lanzarote,29.03,-13.63
Larderello,43.25,10.87
Lascar,-23.37,-67.73
Lassen Volc Center,40.492,-121.508
Lastarria,-25.17,-68.5
Late,-18.806,-174.65
Latukan,7.65,124.47
Lautaro,-49.02,-73.55
Lavic Lake,34.75,-116.625
Lawu,-7.625,111.192
Leizhou Bandao,20.83,109.78
"Lengai, Ol Doinyo",-2.751,35.902
Leonard Range,7.393,126.397
Leroboleng,-8.358,122.842
Leskov Island,-56.67,-28.13
Leutongey,57.3,159.83
Level Mountain,58.42,-131.35
Lewotobi,-8.53,122.775
Lewotobi Perempuan,-8.575,122.78
Lewotolo,-8.272,123.505
Lexone,-17.87,-69.48
Liado Hayk Field,9.57,40.28
Liamuiga,17.37,-62.8
Licancabur,-22.83,-67.88
Lihir,-3.125,152.642
Lindenberg Island,-65.03,-60.05
Lipari,38.483,14.95
Lipari,38.48,14.95
Little Sitkin,51.95,178.53
Ljosufjoll,64.87,-22.23
Llaima,-38.692,-71.729
Llullaillaco,-24.72,-68.53
Loihi,18.92,-155.27
Lokon-Empung,1.358,124.792
Lolo,-5.47,150.5
Lolobau,-4.92,151.158
Loloru,-6.52,155.62
Lomonosov Group,50.25,155.43
Long Island,-5.358,147.12
"Longavi, Nevado de",-36.193,-71.161
Longgang Group,42.33,126.5
Longonot,-0.92,36.45
Lonquimay,-38.377,-71.58
Lopevi,-16.507,168.346
Lower Chindwin,22.28,95.1
Lubukraya,1.478,99.209
"Lumut Balai, Bukit",-4.22,103.62
"Lunayyir, Harrat",25.17,37.75
Lurus,-7.7,113.58
Lvinaya Past,44.62,147
Lysuholl,64.87,-23.25
Ma Alalta,13.02,40.2
Maca,-45.1,-73.2
Macauley Island,-30.2,-178.47
Macdonald,-28.98,-140.25
"Machin, Cerro",4.48,-75.4
Madeira,32.733,-16.967
Maderas,11.446,-85.515
Madilogo,-9.2,147.57
Magaso,9.258,123.175
Mageik,58.2,-155.25
Mahagnoa,10.872,124.853
Mahawu,1.358,124.858
Maipo,-34.161,-69.833
Makaturing,7.647,124.32
Makian,0.32,127.4
Makushin,53.9,-166.93
Malabar,-7.13,107.65
Malang Plain,-8.02,112.68
Malinao,13.422,123.597
"Malinche, La",19.23,-98.03
Malindang,8.22,123.63
Malindig,13.24,122.018
Malintang,0.467,99.667
Mallahle,13.27,41.65
Maly Payalpan,55.82,157.98
Maly Semiachik,54.13,159.67
Managlase Plateau,-9.08,148.33
Manam,-4.1,145.061
Manareyjar,66.3,-17.1
Manda Gargori,11.75,41.483
Manda Hararo,12.17,40.82
Manda-Inakir,12.38,42.2
Mandalagan,10.615,123.22
Manengouba,5.03,9.83
Manuk,-5.53,130.292
Manzaz Volc Field,23.917,5.833
Maquiling,14.13,121.2
Marapi,-0.381,100.473
Marchena,0.33,-90.47
Mare,0.57,127.4
"Marha, Jabal el-",15.28,44.22
Marion Island,-46.9,37.75
Mariveles,14.5,120.5
Markagunt Plateau,37.58,-112.67
Maroa,-38.42,176.08
"Marra, Jebel",12.95,24.27
Marsabit,2.32,37.97
Martin,58.17,-155.35
Masaraga,13.32,123.6
Masaya,11.984,-86.161
Mascota Volc Field,20.62,-104.83
Mashkovtsev,51.1,156.72
Mashu,43.57,144.57
Mat Ala,13.1,41.15
Matthew Island,-22.33,171.32
Matutum,6.37,125.108
Maug Islands,20.017,145.217
"Maule, Laguna del",-36.02,-70.58
Mauna Kea,19.82,-155.47
Mauna Loa,19.475,-155.608
May-ya-moto,-0.93,29.33
Mayon,13.257,123.685
Mayor Island,-37.28,176.25
McDonald Islands,-53.03,72.6
Meager,50.63,-123.5
Medicine Lake,41.58,-121.57
Medvezhia,45.38,148.83
Mega Basalt Field,4.08,37.42
Megata,39.95,139.73
Mehetia,-17.87,-148.07
Meidob Volc Field,15.32,26.47
Melbourne,-74.35,164.7
Melimoyu,-44.08,-72.88
Mendeleev,43.98,145.7
Menengai,-0.2,36.07
Mentolat,-44.67,-73.08
Merapi,-7.542,110.442
Merbabu,-7.45,110.43
Mere Lava,-14.45,168.05
Meru,-3.25,36.75
Methana,37.615,23.336
Metis Shoal,-19.18,-174.87
Mezhdusopochny,57.47,160.25
Michael,-57.78,-26.45
Michoacan-Guanajuato,19.48,-102.25
Micotrin,15.33,-61.33
Middle Gobi,45.28,106.7
Milbanke Sound Group,52.5,-128.73
Milne,46.82,151.78
Milos,36.699,24.439
Minami-Hiyoshi,23.507,141.905
Minchinmavida,-42.78,-72.43
Miravalles,10.748,-85.153
"Misti, El",-16.294,-71.409
Miyake-jima,34.08,139.53
Mocho-Choshuenco,-39.927,-72.027
Moffett,51.93,-176.75
Mojanda,0.13,-78.27
Mojanda,0.133,-78.267
Mokuyo Seamount,28.317,140.567
Mombacho,11.826,-85.968
Momotombo,12.422,-86.54
Monaco Bank,37.6,-25.88
Mondaca,-35.464,-70.8
Mono Craters,37.88,-119
Mono Lake Volc Field,38,-119.03
Monowai Seamount,-25.887,-177.188
Montagu Island,-58.417,-26.333
"Morning, Mt.",-78.5,163.533
Moti,0.45,127.4
Motlav,-13.67,167.67
Moua Pihaa,-18.32,-148.67
Mousa Alli,12.47,42.4
Moyuta,14.03,-90.1
Muhavura,-1.38,29.67
Mundafell,63.98,-19.7
Mundua,-4.63,149.35
Muria,-6.617,110.883
Musa River,-9.308,148.13
Mutnovsky,52.453,158.195
Myojun Knoll,32.1,139.85
Myoko,36.88,138.12
NW Rota-1,14.601,144.775
Nabro,13.37,41.7
Nabukelevu,-19.117,177.983
Nakano-shima,29.85,129.87
Namarunu,1.9,36.27
Nantai,36.77,139.5
Naolinco Volc Field,19.67,-96.75
Narcondum,13.43,94.25
Narugo,38.73,140.73
Nasu,37.12,139.97
Natib,14.705,120.4
Nazko,52.9,-123.73
Ndete Napu,-8.72,121.78
"Negra, Sierra",-0.83,-91.17
"Negrillar, El",-24.18,-68.25
"Negrillar, La",-24.28,-68.6
"Negro de Mayasquer, Cerro",0.828,-77.964
"Negro, Cerro",12.506,-86.702
Nejapa-Miraflores,12.12,-86.32
Nemo Peak,49.57,154.808
Nemrut Dagi,38.65,42.02
"Nevada, Sierra",-26.48,-68.58
Nevis Peak,17.15,-62.58
Newberry Volcano,43.722,-121.229
Newer Volcanics Prov,-37.77,142.5
Ngaoundere Plateau,7.25,13.67
Ngauruhoe,-39.158,175.63
Ngozi,-8.97,33.57
"Nicholson, Cerro",-16.258,-71.753
Nieuwerkerk,-6.6,124.675
Nightingale Island,-37.417,-12.483
Nii-jima,34.37,139.27
Niigata-Yake-yama,36.92,138.03
Nikko,23.075,142.308
Nikko-Shirane,36.8,139.38
Nila,-6.73,129.5
Nipesotsu-Upepesanke,43.45,143.03
Niseko,42.88,140.63
Nishino-shima,27.274,140.882
Nisyros,36.58,27.18
Niuafo'ou,-15.6,-175.63
Norikura,36.12,137.55
North Gorda Ridge,42.67,-126.78
North Gorda Ridge,42.667,-126.783
North Island,4.07,36.05
North Sister Field,44.17,-121.77
North Vate,-17.45,168.33
Northern EPR-Segment RO3,15.833,-105.433
Nosy-Be,-13.32,48.48
Novarupta,58.27,-155.16
Nuevo Mundo,-19.783,-66.483
Numazawa,37.43,139.58
Nunivak Island,60.02,-166.33
Nyambeni Hills,0.23,37.87
Nyamuragira,-1.408,29.2
Nyiragongo,-1.52,29.25
Ofu-Olosega,-14.175,-169.618
"Ojos del Salado, Nevados",-27.12,-68.53
Oka Volc Field,52.7,98.98
Okataina,-38.12,176.5
Oki-Dogo,36.17,133.33
Okmok,53.42,-168.13
Oku Volc Field,6.25,10.5
Ol Kokwe,0.63,36.08
Olca-Paruma,-20.93,-68.48
Olkaria,-0.904,36.292
Olkoviy,52.077,157.477
Ollague,-21.3,-68.18
Olot Volc Field,42.17,2.53
Omachi Seamount,29.22,140.8
Omanago Group,36.78,139.5
On-take,35.9,137.48
Opala,52.543,157.335
Oraefajokull,64,-16.65
"Orizaba, Pico de",19.03,-97.268
Ormus Islands,26,57
Orosi,10.98,-85.473
Oshima,34.73,139.38
Oshima-Oshima,41.5,139.37
Osore-yama,41.32,141.08
Osorno,-41.1,-72.493
Ostanets,52.146,157.322
Ostry,58.18,160.82
Otdelniy,52.22,157.428
"Overo, Cerro",-23.35,-67.67
Ozernoy,51.88,157.38
Pacaya,14.381,-90.601
Paco,9.593,125.52
Pagan,18.13,145.8
Pago,-5.58,150.52
Paka,0.92,36.18
Palei-Aike Volc Field,-52,-70
Palena Volc Group,-43.68,-72.5
Palinuro,39.483,14.833
Palomo,-34.608,-70.295
Paluweh,-8.32,121.708
Pampa Luxsar,-20.85,-68.2
Pantelleria,36.77,12.02
"Pantoja, Cerro",-40.77,-71.95
Papandayan,-7.32,107.73
Papayo,19.308,-98.7
Paricutin Volcanic Field,19.48,-102.25
Parker,6.12,124.892
Patah,-4.27,103.3
"Patates, Morne",15.22,-61.37
Patilla Pata,-18.05,-69.03
Patoc,17.147,120.98
Patuha,-7.15,107.37
Paulet,-63.58,-55.77
Pavlof,55.42,-161.9
Pavlof Sister,55.45,-161.87
"Payun Matru, Cerro",-36.42,-69.2
Peinado,-26.617,-68.15
Pelee,14.82,-61.17
Penanggungan,-7.62,112.63
Pendan,-2.82,102.02
Penguin Island,-62.1,-57.93
Perbakti,-6.75,106.68
Petacas,1.57,-76.78
Peter I Island,-68.85,-90.58
Peuet Sague,4.914,96.329
Pico,38.47,-28.4
Piip,55.42,167.33
"Pilas, Las",12.495,-86.688
"Pina, Cerro",-19.492,-68.65
Pinacate,31.772,-113.498
Pinatubo,15.13,120.35
Pinta,0.58,-90.75
Piparo,10,-61
Piratkovsky,52.113,157.849
Planchon-Peteroa,-35.24,-70.57
Platanar,10.3,-84.366
"Pleiades, The",-72.67,165.5
Plosky,55.2,158.47
Plosky,57.83,160.25
Plosky Volc Group,52.02,157.53
Poas,10.2,-84.233
Pocdol Mountains,13.05,123.958
Poco Leok,-8.68,120.48
Pogranychny,56.85,159.8
Popa,20.87,95.23
Popocatepetl,19.023,-98.622
Porak,40.017,45.783
"Possession, Ile de la",-46.42,51.63
Prestahnukur,64.6,-20.58
Prevo Peak,47.02,152.12
"Prieto, Cerro",32.418,-115.305
Prince Edward Island,-46.63,37.95
Protector Shoal,-55.92,-28.08
Puesto Cortaderas,-37.55,-69.62
Puesto Cortaderas,-37.567,-69.617
Pular,-24.18,-68.05
Pululagua,0.038,-78.463
Puntiagudo-Cordon Cenizo,-40.969,-72.264
Purace,2.32,-76.4
Purico Complex,-23,-67.75
Putana,-22.57,-67.87
Puyehue,-40.59,-72.117
Puyuhuapi,-44.3,-72.53
Qal'eh Hasan Ali,29.4,57.57
Qualibou,13.83,-61.05
Quetrupillan,-39.5,-71.7
Quezaltepeque,14.65,-89.35
"Quill, The",17.48,-62.95
Quilotoa,-0.85,-78.9
Quimsachata,-14.37,-71.17
Rabaul,-4.271,152.203
Ragang,7.67,124.5
"Rahah, Harrat ar",27.8,36.17
"Rahat, Harrat",23.08,39.78
Raikoke,48.292,153.25
Rainier,46.87,-121.758
Rajabasa,-5.78,105.625
Ranakah,-8.62,120.52
Ranau,-4.83,103.92
Raoul Island,-29.27,-177.92
Rasshua,47.77,153.02
Raung,-8.125,114.042
Rausu,44.073,145.125
Recheschnoi,53.15,-168.55
Reclus,-50.98,-73.7
Red Cones,37.58,-119.05
Redoubt,60.48,-152.75
Reporoa,-38.42,176.33
"Resago, Volcan",-36.45,-70.92
Reventador,-0.078,-77.656
Reykjanes,63.88,-22.5
Reykjaneshryggur,63.67,-23.33
Rincon de la Vieja,10.83,-85.324
Rinjani,-8.42,116.47
Risco Plateado,-34.933,-70
Rishiri,45.18,141.25
Ritter Island,-5.52,148.121
Robinson Crusoe,-33.658,-78.85
Robledo,-26.767,-67.717
Rocard,-17.642,-148.6
Romanovka,55.65,158.8
Rota,12.55,-86.75
Roundtop,54.8,-163.6
Royal Society Range,-78.25,163.6
Ruang,2.28,125.425
Ruapehu,-39.28,175.57
Ruby,15.617,145.567
Ruby,15.62,145.57
Ruby Mountain,59.68,-133.32
Rudakov,45.88,149.83
Ruiz,4.895,-75.322
Rumble II West,-35.353,178.527
Rumble III,-35.745,178.478
Rumble IV,-36.13,178.05
Rumble V,-36.139,178.197
Rungwe,-9.13,33.67
Río Murta,-46.167,-72.667
SW Usangu Basin,-8.75,33.8
Saba,17.63,-63.23
Sabalan,38.25,47.917
Sabancaya,-15.783,-71.85
Sabancaya,-15.78,-71.85
Sahand,37.75,46.433
Sairecabur,-22.73,-67.88
Sakar,-5.414,148.094
Sakura-jima,31.58,130.67
Salak,-6.72,106.73
San Borja Volc Field,28.5,-113.75
San Carlos,3.35,8.52
San Cristobal,-0.88,-89.5
San Cristobal,12.702,-87.004
San Diego,14.27,-89.48
San Felix,-26.27,-80.12
San Joaquin,3.35,8.63
San Jorge,38.65,-28.08
San Jose,-33.782,-69.897
"San Luis, Isla",29.814,-114.384
San Marcelino,13.853,-89.63
San Martin,18.572,-95.169
San Miguel,13.431,-88.272
San Pedro,-21.88,-68.4
San Pedro-Pellado,-35.989,-70.849
San Quintin Volc Field,30.468,-115.996
San Salvador,13.736,-89.286
San Vicente,13.623,-88.852
Sanbe,35.13,132.62
Sand Mountain Field,44.38,-121.93
Sanford,62.22,-144.13
Sanganguey,21.45,-104.73
Sangangüey,21.45,-104.733
Sangay,-2.03,-78.33
Sangeang Api,-8.18,119.058
"Sano, Wai",-8.68,120.025
Santa Ana,13.853,-89.63
Santa Clara,37.257,-113.625
Santa Cruz,-0.62,-90.33
Santa Isabel,3.58,8.75
Santa Isabel,4.82,-75.37
Santa Maria,14.756,-91.552
Santiago,-0.22,-90.77
"Santiago, Cerro",14.33,-89.87
Santo Antao,17.07,-25.17
Santo Tomas,16.33,120.55
Santorini,36.404,25.396
Sao Tome,0.32,6.72
Sarigan,16.708,145.783
Sarigan,16.708,145.78
Sarik-Gajah,0.08,100.2
Sarychev Peak,48.092,153.2
Satah Mountain,52.47,-124.7
Savai'i,-13.612,-172.525
Savo,-9.13,159.82
"Sawad, Harra Es-",13.58,46.12
Schmidt,54.917,160.633
Seal Nunataks Group,-65.03,-60.05
Seamount X,13.25,144.017
Sedankinsky,57.23,160.08
Segererua Plateau,1.57,37.9
Seguam,52.32,-172.52
Segula,52.02,178.13
Sekincau Belirang,-5.12,104.32
Semeru,-8.108,112.92
Semisopochnoi,51.95,179.62
Sempu,1.142,124.73
Serdan-Oriental,19.27,-97.47
Sergief,52.03,-174.93
Serua,-6.3,130
Sessagara,-9.48,149.13
Sete Cidades,37.87,-25.78
Seulawah Agam,5.448,95.658
Severny,58.28,160.87
Shala,7.47,38.55
Sharat Kovakab,36.53,40.85
Shasta,41.42,-122.2
Shiga,36.7,138.52
Shikaribetsu Group,43.28,143.08
Shikotsu,42.7,141.33
Shiretoko-Iwo-zan,44.13,145.17
Shirinki,50.2,154.98
Shishaldin,54.75,-163.97
Shisheika,57.15,161.083
Shishel,57.45,160.37
Shiveluch,56.653,161.36
Shoshone Lava Field,43.07,-114.43
Sibayak,3.2,98.52
Sibualbuali,1.556,99.255
Silali,1.15,36.23
Silay,10.77,123.23
Silverthrone,51.43,-126.3
Simbo,-8.292,156.52
Sinabung,3.17,98.392
Sinarka,48.875,154.175
Singu Plateau,22.7,95.98
"Singuil, Cerro",14.03,-89.7
Siple,-73.43,-126.67
Sirung,-8.51,124.148
Slamet,-7.242,109.208
Smirnov,44.43,146.13
Smith Rock,31.32,140.05
Smith Volcano,19.523,121.94
Snaefellsjokull,64.8,-23.78
Snegovoy,58.2,160.97
Snezhniy,58.02,160.75
Snowy,58.33,-154.68
Soche,0.552,-77.58
Socompa,-24.4,-68.25
Socorro,18.78,-110.95
Sodore,8.43,39.35
Sollipulli,-38.97,-71.52
Soputan,1.108,124.725
Sorikmarapi,0.686,99.539
Sorkale,13.18,41.725
Sotara,2.12,-76.58
Soufriere Guadeloupe,16.05,-61.67
Soufriere Hills,16.72,-62.18
Soufriere St. Vincent,13.33,-61.18
South Island,2.63,36.6
South Sister,44.1,-121.77
Southern EPR-Segment I,-18.533,-113.417
Southern EPR-Segment J,-18.175,-113.35
Southern EPR-Segment K,-17.436,-113.206
Southern Sikhote-Alin,44.5,135.5
Spectrum Range,57.43,-130.68
Spokoiny,58.133,160.817
Spurr,61.3,-152.25
Squaw Ridge Field,43.472,-120.754
Srednii,47.6,152.92
St. Andrew Strait,-2.38,147.35
St. Catherine,12.15,-61.67
St. Helens,46.2,-122.18
St. Michael,63.45,-162.12
St. Paul,-38.72,77.53
Steamboat Springs,39.375,-119.72
Steller,58.43,-154.4
Stepovak Bay 3,55.929,-160.002
Stepovak Bay 4,55.954,-159.954
Stromboli,38.789,15.213
Sturge Island,-67.4,164.83
Suchitan Volc Field,14.4,-89.78
Sukaria Caldera,-8.792,121.77
Sumaco,-0.538,-77.626
Sumbing,-2.414,101.728
Sumbing,-7.38,110.058
Sumiyoshi-ike,31.768,130.594
Sundoro,-7.3,109.992
Sunset Crater,35.37,-111.5
Suoh,-5.25,104.27
Suphan Dagi,38.92,42.82
Supply Reef,20.13,145.1
Suretamatai,-13.8,167.47
Suswa,-1.175,36.35
Suwanose-jima,29.53,129.72
Ta'u,-14.23,-169.454
Taal,14.002,120.993
Taburete,13.435,-88.532
Tacana,15.13,-92.112
Tacora,-17.72,-69.77
Taftan,28.6,61.6
Tafu-Maka,-15.367,-174.233
Tahalra Volc Field,22.667,5
Tahual,14.433,-89.9
"Tair, Jebel at",15.7,41.742
Tajumulco,15.034,-91.903
Takahara,36.9,139.78
Takahe,-76.28,-112.08
Takawangha,51.87,-178.02
Takuan Group,-6.442,155.608
Talagabodas,-7.208,108.07
Talakmau,0.079,99.98
Talang,-0.978,100.679
Tambora,-8.25,118
Tampomas,-6.77,107.95
Tana,52.833,-169.767
Tanaga,51.88,-178.13
Tandikat,-0.433,100.317
Tangaroa,-36.321,178.028
Tangkubanparahu,-6.77,107.6
Tao-Rusyr Caldera,49.35,154.7
"Tara, Batu",-7.792,123.579
Tarakan,1.78,127.792
Taryatu-Chulutu,48.17,99.7
Tat Ali,13.28,41.07
Tate-yama,36.57,137.6
Tateshina,36.1,138.3
Tatun Group,25.17,121.52
Taunshits,54.53,159.8
Taupo,-38.82,176
Taveuni,-16.82,-179.97
Tavui,-4.117,152.2
Teahitia,-17.57,-148.85
Tecapa,13.494,-88.502
Tecuamburro,14.156,-90.407
Telica,12.602,-86.845
Telomoyo,-7.37,110.4
"Telong, Bur Ni",4.77,96.808
Tenduruk Dagi,39.33,43.83
Tenerife,28.271,-16.641
Tengchong,25.32,98.47
Tengger Caldera,-7.942,112.95
Tenorio,10.673,-85.015
Teon,-6.92,129.125
Tepi,7.42,35.43
Terceira,38.73,-27.32
Terpuk,57.2,159.833
Theistareykjarbunga,65.88,-16.83
Thompson Island,-53.93,5.5
Thordarhyrna,62.27,-17.6
Thule Islands,-59.45,-27.37
Tianshan Volc Group,42.5,82.5
Tiatia,44.358,146.27
Ticsani,-16.755,-70.595
Tidore,0.65,127.4
Tigalalu,0.07,127.42
"Tigre, El",13.467,-88.433
"Tigre, Isla El",13.27,-87.63
Tin Zaouatene Volc Field,19.833,2.833
Tinakula,-10.38,165.8
Tindfjallajokull,63.78,-19.57
Tinguiririca,-34.814,-70.352
Tipas,-27.2,-68.55
Tipas,-27.2,-68.55
Titila,57.4,160.1
Tjornes Fracture Zone,66.3,-17.1
Tlevak Strait-Suemez Is.,55.25,-133.3
To-shima,34.52,139.28
Toba,2.58,98.83
Tobaru,1.625,127.675
Todoko-Ranu,1.22,127.43
Todra Volc Field,17.683,8.5
Tofua,-19.75,-175.07
"Toh, Tarso",21.333,16.333
Tokachi,43.42,142.68
Tolbachik,55.83,160.33
Tolguaca,-38.31,-71.645
Tolguaca,-38.31,-71.645
Tolima,4.67,-75.33
Toliman,14.612,-91.189
Tolmachev Dol,52.63,157.58
"Toluca, Nevado de",19.108,-99.758
Tombel Graben,4.75,9.667
Tondano Caldera,1.23,124.83
Toney Mountain,-75.8,-115.83
Tongariro,-39.13,175.642
Tongkoko,1.52,125.2
Tore,-5.83,154.93
Torfajokull,63.92,-19.17
Tori-shima,30.48,140.32
Toroeng Prong,14.93,108
"Tortuga, Isla",27.392,-111.858
Tosa Sucha,5.92,37.57
"Tousside, Tarso",21.03,16.45
Towada,40.47,140.92
Traitor's Head,-18.75,169.23
Tres Virgenes,27.47,-112.591
Tri Sestry,45.93,149.92
Trident,58.23,-155.08
Trindade,-20.514,-29.331
Tristan da Cunha,-37.092,-12.28
Trocon,-37.733,-70.9
Trollagigar,64.43,-18.13
Tromen,-37.142,-70.03
Tronador,-41.157,-71.885
Tseax River Cone,55.12,-128.9
Tshibinda,-2.32,28.75
Tskhouk-Karckar,39.733,46.017
Tsurumi,33.28,131.43
"Tujle, Cerro",-23.83,-67.95
Tulabug,-1.78,-78.613
Tullu Moje,8.158,39.13
Tumble Buttes,40.68,-121.55
Tundroviy,52.25,157.6
Tungnafellsjokull,64.73,-17.92
Tungurahua,-1.467,-78.442
Tunkin Depression,51.5,102.5
Tupungatito,-33.4,-69.8
Turfan,42.9,89.25
Turrialba,10.03,-83.77
Tutuila,-14.295,-170.7
Tutupaca,-17.025,-70.358
Tuya Volc Field,59.367,-130.583
"Tuzgle, Cerro",-24.05,-66.483
Tuzovsky,57.32,159.97
Twin Buttes,40.78,-121.6
Ubehebe Craters,37.02,-117.45
Ubinas,-16.355,-70.903
Udina,55.755,160.527
Udokan Volc Field,56.18,117.47
Ugashik-Peulik,57.75,-156.37
Uinkaret Field,36.38,-113.13
Uka,57.7,160.58
Ukinrek Maars,57.83,-156.52
Uksichan,56.08,158.38
Ulawun,-5.05,151.33
Uliaga,53.07,-169.77
Ulreung,37.5,130.87
Ulug-Arginsky,52.33,98
Umboi,-5.589,147.875
"Umm Arafieb, Jebel",18.17,33.83
Ungaran,-7.18,110.33
Unnamed,37.78,-25.67
Unnamed,23.58,-163.83
Unnamed,28,-115
Unnamed,26.13,144.48
Unnamed,-4.75,150.85
Unnamed,55.92,161.75
Unnamed,21.75,-158.75
Unnamed,21,142.9
Unnamed,20.33,121.75
Unnamed,-4.311,146.256
Unnamed,31.75,-124.25
Unnamed,46.47,151.28
Unnamed,-8.63,33.57
Unnamed,55.93,-160
Unnamed,35.85,91.7
Unnamed,52.88,158.3
Unnamed,46.1,150.5
Unnamed,45.03,147.208
Unnamed,-16.992,168.592
Unnamed,20.3,143.2
Unnamed,51.6,156.55
Unnamed,57.87,-155.42
Unnamed,11.75,80.75
Unnamed,12.25,45
Unnamed,52.92,158.52
Unnamed,-3.03,147.78
Unnamed,28.17,60.67
Unnamed,24,121.83
Unnamed,32.658,36.425
Unnamed,19.17,132.25
Unnamed,33.308,36.925
Unnamed,36.67,37
Unnamed,52.57,157.02
Unnamed,52.33,157.33
Unnamed,-29.18,-177.87
Unnamed,-14.23,-169.07
Unnamed,25.42,122.33
Unnamed,-21.07,-175.33
Unnamed,52,-173.5
Unnamed,-33.622,-78.78
Unnamed,16.13,-61.28
Unnamed,66,-27.75
Unnamed,49,-34.5
Unnamed,48.08,153.33
Unnamed,-5.2,148.57
Unnamed,33.15,36.258
Unnamed,-21.38,-175.65
Unnamed,3.97,124.17
Unnamed,56.82,158.95
Unnamed,-53.9,-140.3
Unnamed,-25.78,168.63
Unnamed,-8.92,158.03
Unnamed,9.82,-104.3
Unnamed,21.83,121.18
Unnamed,20.93,134.75
Unnamed,-20.85,-175.53
Unnamed,39.25,45.167
Unnamed,-24.8,-177.017
Unnamed,-21.15,-175.75
Unnamed,-18.325,-174.365
Unnamed,26.133,144.483
Unnamed,21,142.9
Unnamed,20.3,143.2
Unnamed,31.75,-124.25
Unnamed,10.733,-103.583
Unnamed,9.833,-104.3
Unnamed,-8.267,-107.95
Unnamed,-53.9,-140.3
Unnamed,-55.967,-143.167
Unnamed,-25.1,-68.267
Unnamed,85.583,85
Unnamed,42.45,44.25
Unnamed,7,-21.83
Unnamed,8.62,38.95
Unnamed,-0.58,-15.83
Unnamed,-73.45,164.58
Unnamed,8.7,39.63
Unnamed,-76.83,163
Unnamed,8.07,39.07
Unnamed,7.95,38.93
Unnamed,-3.5,-24.5
Unnamed,4.2,-21.45
Unnamed,41.55,43.6
Unnamed,5.65,37.67
Unnamed,-33.62,-76.83
Unnamed,88.27,-65.6
Unnamed,38.75,-38.08
Unnamed,39.95,-25.83
Unzen,32.75,130.3
Upolu,-13.935,-171.72
Urataman,47.12,152.23
Ushishur,47.52,152.8
Ushkovsky,56.105,160.47
Usu,42.53,140.83
Usulutan,13.419,-88.471
Utila Island,16.1,-86.9
"Uwayrid, Harrat",27.08,37.25
Uzon,54.5,159.97
Vakak Group,34.25,67.97
"Valle, El",8.583,-80.167
Veniaminof,56.17,-159.38
Verkhovoy,56.52,159.53
Vernadskii Ridge,50.55,155.97
Vestmannaeyjar,63.43,-20.28
Vesuvius,40.821,14.426
Veteran,9.83,109.05
Victory,-9.2,149.07
"Viedma, Volcan",-49.358,-73.28
Villarrica,-39.42,-71.93
Vilyuchik,52.68,158.3
Visoke,-1.47,29.492
"Volcanico, Cerro",-42.07,-71.65
Volcano W,-31.85,-179.183
"Voon, Tarso",20.92,17.28
Voyampolsky,58.37,160.62
Vsevidof,53.13,-168.68
Vulcano,38.404,14.962
Vulsini,42.6,11.93
Waesche,-77.17,-126.88
Waiowa,-9.57,149.075
Wallis Islands,-13.3,-176.17
Walo,-5.53,150.9
Wapi Lava Field,42.88,-113.22
Washiba-Kumonotaira,36.4,137.5
"Watt, Morne",15.307,-61.305
Wau-en-Namus,25.05,17.55
Wayang-Windu,-7.208,107.63
Wells Gray-Clearwater,52.33,-120.57
West Crater,45.88,-122.08
West Eifel Volc Field,50.17,6.85
West Mata,-15.1,-173.75
Westdahl,54.52,-164.65
Whangarei,-35.75,174.27
White Island,-37.52,177.18
Wilis,-7.808,111.758
"Wolf, Volcan",0.02,-91.35
Wrangell,62,-144.02
Wudalianchi,48.72,126.12
Wurlali,-7.125,128.675
Xianjindao,41.33,128
Yake-dake,36.22,137.58
Yali,36.63,27.1
Yangudi,10.58,41.042
Yantarni,57.02,-157.18
Yanteles,-43.5,-72.8
"Yanteles, Cerro",-43.42,-72.83
"Yar, Jabal",17.05,42.83
Yasur,-19.52,169.425
Yate,-41.755,-72.396
Yelia,-7.05,145.858
Yellowstone,44.43,-110.67
Yersey,-7.53,123.95
"Yojoa, Lake",14.98,-87.98
Yomba,-4.92,146.75
Yotei,42.83,140.82
Young Island,-66.42,162.45
Yucamane,-17.18,-70.2
"Yumia, Cerro",-21.5,-67.5
Yunaska,52.63,-170.63
"Zacate Grande, Isla",13.33,-87.63
Zao,38.15,140.45
Zaozerny,56.88,159.95
Zapatera,11.73,-85.82
Zavaritsky,53.905,158.385
Zavaritsky,53.905,158.385
Zavaritzki Caldera,46.925,151.95
Zavodovski,-56.3,-27.57
Zengyu,26.18,122.458
Zheltovsky,51.57,157.323
Zhupanovsky,53.59,159.147
Zimina,55.862,160.603
"Zubair, Jebel",15.05,42.18
Zukur,14.02,42.75
Zuni-Bandera,34.8,-108
